{"parse": {"title": "28 July", "pageid": 18474, "redirects": [], "iwlinks": [{"prefix": "wikipedia", "url": "http://en.wikipedia.org/wiki/Geoffrey_Chaucer", "*": "wikipedia:Geoffrey Chaucer"}, {"prefix": "wikipedia", "url": "http://en.wikipedia.org/wiki/The_Reeve%27s_Tale", "*": "wikipedia:The Reeve's Tale"}, {"prefix": "wikipedia", "url": "http://en.wikipedia.org/wiki/Malibu_U", "*": "wikipedia:Malibu U"}, {"prefix": "wikipedia", "url": "http://en.wikipedia.org/wiki/University_of_Nevada,_Reno", "*": "wikipedia:University of Nevada, Reno"}, {"prefix": "wikipedia", "url": "http://en.wikipedia.org/wiki/Reno,_Nevada", "*": "wikipedia:Reno, Nevada"}, {"prefix": "wikipedia", "url": "http://en.wikipedia.org/wiki/Wheaton,_Illinois", "*": "wikipedia:Wheaton, Illinois"}, {"prefix": "wikipedia", "url": "http://en.wikipedia.org/wiki/Illinois", "*": "wikipedia:Illinois"}, {"prefix": "wikipedia", "url": "http://en.wikipedia.org/wiki/University_of_British_Columbia", "*": "wikipedia:University of British Columbia"}, {"prefix": "wikipedia", "url": "http://en.wikipedia.org/wiki/Vancouver", "*": "wikipedia:Vancouver"}, {"prefix": "wikipedia", "url": "http://en.wikipedia.org/wiki/San_Diego", "*": "wikipedia:San Diego"}, {"prefix": "wikipedia", "url": "http://en.wikipedia.org/wiki/California", "*": "wikipedia:California"}, {"prefix": "wikipedia", "url": "http://en.wikipedia.org/wiki/University_of_Colorado_at_Boulder", "*": "wikipedia:University of Colorado at Boulder"}, {"prefix": "wikipedia", "url": "http://en.wikipedia.org/wiki/Boulder,_Colorado", "*": "wikipedia:Boulder, Colorado"}, {"prefix": "wikipedia", "url": "http://en.wikipedia.org/wiki/Colorado", "*": "wikipedia:Colorado"}, {"prefix": "wikipedia", "url": "http://en.wikipedia.org/wiki/Nashville,_Tennessee", "*": "wikipedia:Nashville, Tennessee"}, {"prefix": "wikipedia", "url": "http://en.wikipedia.org/wiki/Tennessee", "*": "wikipedia:Tennessee"}, {"prefix": "wikipedia", "url": "http://en.wikipedia.org/wiki/Secaucus,_New_Jersey", "*": "wikipedia:Secaucus, New Jersey"}, {"prefix": "wikipedia", "url": "http://en.wikipedia.org/wiki/New_Jersey", "*": "wikipedia:New Jersey"}, {"prefix": "wikipedia", "url": "http://en.wikipedia.org/wiki/Spokane,_Washington", "*": "wikipedia:Spokane, Washington"}, {"prefix": "wikipedia", "url": "http://en.wikipedia.org/wiki/Washington_(state)", "*": "wikipedia:Washington (state)"}]}}